"Semana";"Objetivos";"GROWTH";"TALENT";"FINANCIAL";"PRODUCT";"SOCIAL"
"42";"Lanzamiento previsto el 15 de diciembre; acuerdos FEFM e ITSF";"";"";"";"Definir alcance final y calendario de entregas";""
"43";"";"Seguimiento comercial de acuerdos FEFM e ITSF";"";"";"";""
"44";"";"";"";"";"Revisar funcionalidades pendientes";""
"45";"";"";"";"";"Pruebas funcionales y corrección de bloqueos";""
"46";"";"Revisar compromisos y condiciones federativas";"";"";"";""
"47";"";"";"";"";"Preparar pruebas de aceptación";""
"48";"";"";"";"";"Validación integral de la aplicación";""
"49";"";"";"";"";"";"Preparar comunicación del lanzamiento"
"50";"";"";"";"";"Pruebas finales y plan de contingencia";""
"51";"Lanzar aplicación el 15 de diciembre";"";"";"";"";"Comunicación del lanzamiento"
"52";"";"";"";"";"Resolver incidencias posteriores al lanzamiento";""
"53";"Balance y hoja de ruta 2027";"";"";"";"";""